Instance_Name,#Node,#Truck,Capacity,Opt_cost,Incumbent,Execution_time,Status,Routes
A-n32-k5.vrp,32,5,100,None,787.0818888551103,300.07179460005136,Timeout, [0 30 16 1 12 0 0 26 7 13 17 19 31 21 0 0 27 24 0 0 6 3 2 23 4 11 28 14 0 0 18 8 9 22 15 29 10 25 5 20 0]
A-n33-k5.vrp,33,5,100,None,None,3.21743369998876,Infeasible, []
