Size,Instance_Name,#Node,#Truck,Capacity,Optimal_Cost,Cost_NoOpt,Apx_NoOpt,Execution_time_NoOpt,Cost_2Opt,Apx_2Opt,Execution_time_2Opt,Cost_3Opt,Apx_3Opt,Execution_time_3Opt
x_large,Antwerp1.vrp,6001,None,30,477628.58867993334,2004487.6835993796,4.1967497991260725,0.7455729209999902,694037.7481885182,1.4530908840835828,1.3016269050000062,None,None,0.7421277180000061
x_large,Antwerp2.vrp,7001,None,100,291740.3669830918,3113166.5332643343,10.671017403103363,1.0194559889999937,398056.9087485534,1.3644217729102375,8.984927042999999,None,None,1.0179319100000157
x_large,Brussels1.vrp,15001,None,50,503025.56714718713,4060229.1823648233,8.071615932747978,4.596421985000006,854959.7339997387,1.699634749876589,8.519483186999992,None,None,4.584064823999995
x_large,Brussels2.vrp,16001,None,150,346871.2613819854,4905546.688271618,14.142269004146407,5.248760832000016,485559.1540522953,1.399825261158152,45.60189740999999,None,None,5.243370184999947
x_large,Ghent1.vrp,10001,None,35,470415.2501502392,2516253.3497219575,5.349004627121096,2.056728888000009,749857.2857190422,1.5940326880974967,3.2955260820000376,None,None,2.046557186999962
x_large,Ghent2.vrp,11001,None,170,258657.06067931346,3141084.1741555776,12.143817632142415,2.497288234999985,325760.679576508,1.2594308414429503,42.12802253900003,None,None,2.4855019130000073
x_large,Leuven1.vrp,3001,None,25,193060.43539123647,753913.9202818803,3.9050669224591545,0.19318426799998178,290750.2985927503,1.5060066450360248,0.3835391480000112,None,None,0.1894882440000174
x_large,Leuven2.vrp,4001,None,150,111654.87655132769,991839.4024367188,8.883081805932326,0.33210236500002566,140922.32391275864,1.2621242194287567,11.60522863899996,None,None,0.3309805740000229
