Size,Instance_Name,#Node,#Truck,Capacity,Optimal_Cost,Cost_NoOpt,Apx_NoOpt,Execution_time_NoOpt,Cost_2Opt,Apx_2Opt,Execution_time_2Opt,Cost_3Opt,Apx_3Opt,Execution_time_3Opt
x_large,Antwerp1.vrp,6001,None,30,477277.0,2004487.6835993796,4.199841357533214,0.03678949997993186,694037.7481885182,1.4541613113318224,0.8767022999818437,0,0.0,4.00003045797348e-07
x_large,Antwerp2.vrp,7001,None,100,291350.0,3113166.5332643343,10.685315027507583,0.06889519997639582,398056.9087485534,1.3662499013164697,9.950650900020264,0,0.0,5.00003807246685e-07
x_large,Brussels1.vrp,15001,None,50,501719.0,4060229.1823648233,8.092635882565387,4.147410400037188,854959.7339997387,1.7040609066025778,9.112795100023504,0,0.0,4.00003045797348e-07
x_large,Brussels2.vrp,16001,None,150,345468.0,4905546.688271618,14.199713687726847,8.879788600024767,485559.1540522953,1.4055112312928992,69.47864759998629,0,0.0,4.00003045797348e-07
x_large,Flanders1.vrp,20001,None,50,7240118.0,45477575.11605959,6.281330651801475,8.712151600047946,10828588.758563928,1.4956370543358448,21.28933880000841,0,0.0,6.00004568696022e-07
