Size,Instance_Name,#Node,#Truck,Capacity,Optimal_Cost,BEST_Random,APX,Execution_time,#Iteration
x_large,Antwerp1.vrp,6001,None,30,477628.58867993334,4703802.597001672,9.848243401849142,65.24102249699999,1000
x_large,Antwerp2.vrp,7001,None,100,291740.3669830918,5707104.517611404,19.562272360965963,32.703676048000005,1000
x_large,Brussels1.vrp,15001,None,50,503025.56714718713,8473016.90444628,16.844107850221942,263.23966917100006,1000
x_large,Brussels2.vrp,16001,None,150,346871.2613819854,9295425.096759029,26.79791072839159,104.726313689,1000
x_large,Ghent1.vrp,10001,None,35,470415.2501502392,5100251.849256476,10.842020635231489,160.10976055599997,1000
x_large,Ghent2.vrp,11001,None,170,258657.06067931346,5821450.027115673,22.506441586503552,48.72975118000011,1000
x_large,Leuven1.vrp,3001,None,25,193060.43539123647,1420057.9584567202,7.355509975821698,20.345301195000047,1000
x_large,Leuven2.vrp,4001,None,150,111654.87655132769,2016055.721242856,18.056136762786856,9.864083635000043,1000
