Size,Instance_Name,#Node,#Truck,Capacity,Optimal_Cost,BEST_Random,APX,Execution_time,#Iteration,Used_truck
x_large,Antwerp1.vrp,6001,None,30,477628.58867993334,5119385.636682099,10.718340061743419,73.44232094099999,1000,343
x_large,Antwerp2.vrp,7001,None,100,291740.3669830918,5926675.684279545,20.314897611077022,34.179329755000026,1000,120
x_large,Brussels1.vrp,15001,None,50,503025.56714718713,8871869.185835635,17.63701442881072,278.469140825,1000,512
x_large,Brussels2.vrp,16001,None,150,346871.2613819854,9531729.99681632,27.479157422383526,109.80603580799993,1000,182
x_large,Ghent1.vrp,10001,None,35,470415.2501502392,5498240.059945497,11.688056580201199,174.19974664400002,1000,485
x_large,Ghent2.vrp,11001,None,170,258657.06067931346,6028029.003091773,23.305101307732734,49.94005463099995,1000,110
x_large,Leuven1.vrp,3001,None,25,193060.43539123647,1583370.70142081,8.201425104072273,22.271295054999996,1000,203
x_large,Leuven2.vrp,4001,None,150,111654.87655132769,2100014.7879289035,18.808088395167655,9.951150871999971,1000,46
